<?xml version="1.0" encoding="UTF-8"?>
<beans xmlns="http://www.springframework.org/schema/beans"
	xmlns:xsi="http://www.w3.org/2001/XMLSchema-instance"
	xsi:schemaLocation="http://www.springframework.org/schema/beans http://www.springframework.org/schema/beans/spring-beans.xsd">

	<bean
		class="org.springframework.jdbc.datasource.DriverManagerDataSource"
		id="realDataSource">
		<property name="username" value="#{data['mariadb.user'] }" />
		<property name="password" value="#{data['mariadb.pw'] }" />
		<property name="url" value="#{data['mariadb.url'] }" />
		<property name="driverClassName"
			value="#{data['mariadb.driver'] }" />
	</bean>


	<!-- sqlSessionFactory -->
	<bean id="sqlSessionFactoryBean"
		class="org.mybatis.spring.SqlSessionFactoryBean">
		<property name="dataSource" ref="realDataSource"></property>
		<property name="mapperLocations"
			value="classpath:/mybatis/mappers/*Mapper.xml"></property>
		<property name="configLocation"
			value="classpath:/mybatis/config/mybatisConfig.xml"></property>
	</bean>

	<bean class="org.mybatis.spring.SqlSessionTemplate"
		id="sqlSession">
		<constructor-arg name="sqlSessionFactory"
			ref="sqlSessionFactoryBean" />
	</bean>







</beans>